age,sex,ethgrp,cob,n
0,F,Bangladeshi,UK,1
0,F,Black-African,UK,2
0,F,Indian,UK,2
0,F,Mixed-Other,UK,1
0,F,Mixed-Other,NA,1
0,F,Pakistani,UK,4
0,F,White,UK,2
0,M,Black-African,UK,3
0,M,Indian,UK,2
0,M,Mixed-Other,UK,2
0,M,White,UK,3
1,F,Black-African,UK,6
1,F,Black-Caribbean,UK,1
1,F,Indian,UK,2
1,F,Indian,NA,1
1,F,Mixed-Other,UK,5
1,F,Pakistani,UK,1
1,F,White,UK,1
1,M,Bangladeshi,UK,1
1,M,Black-African,UK,5
1,M,Mixed-Other,UK,2
1,M,Pakistani,Non_UK,1
1,M,Pakistani,UK,3
1,M,White,UK,3
2,F,Black-African,UK,3
2,F,Black-Other,UK,1
2,F,Indian,Non_UK,3
2,F,Indian,UK,1
2,F,Mixed-Other,UK,1
2,F,Pakistani,Non_UK,2
2,F,Pakistani,UK,3
2,F,White,Non_UK,2
2,F,White,UK,2
2,M,Black-African,UK,2
2,M,Mixed-Other,UK,1
2,M,White,UK,5
3,F,Black-African,UK,3
3,F,Indian,UK,2
3,F,Pakistani,UK,1
3,F,White,Non_UK,1
3,F,White,UK,3
3,M,Bangladeshi,UK,1
3,M,Black-African,Non_UK,1
3,M,Black-African,UK,1
3,M,Black-African,NA,1
3,M,Black-Caribbean,UK,1
3,M,Mixed-Other,Non_UK,1
3,M,Mixed-Other,UK,1
3,M,Pakistani,UK,2
3,M,White,Non_UK,1
3,M,White,UK,5
4,F,Bangladeshi,UK,1
4,F,Black-African,UK,1
4,F,Indian,UK,2
4,F,Mixed-Other,UK,1
4,F,Pakistani,UK,3
4,F,White,Non_UK,2
4,F,White,UK,1
4,M,Black-African,UK,1
4,M,Indian,Non_UK,1
4,M,Indian,UK,1
4,M,Mixed-Other,UK,2
4,M,Mixed-Other,NA,1
4,M,Pakistani,UK,1
4,M,White,Non_UK,2
5,F,Bangladeshi,UK,2
5,F,Black-African,UK,6
5,F,Black-African,NA,1
5,F,Pakistani,Non_UK,1
5,F,NA,UK,1
5,M,Black-African,Non_UK,1
5,M,Black-African,UK,1
5,M,Mixed-Other,UK,1
5,M,White,Non_UK,1
5,M,White,UK,2
6,F,Black-African,NA,1
6,F,Pakistani,UK,2
6,F,White,Non_UK,1
6,F,White,UK,2
6,M,Black-African,Non_UK,2
6,M,Indian,Non_UK,1
6,M,Indian,UK,1
6,M,Mixed-Other,UK,2
6,M,White,Non_UK,1
6,M,White,UK,1
6,M,NA,UK,1
7,F,Black-African,UK,1
7,F,Mixed-Other,UK,2
7,F,White,UK,3
7,M,Black-African,Non_UK,1
7,M,Black-African,UK,1
7,M,Mixed-Other,UK,3
7,M,Pakistani,UK,1
7,M,NA,NA,1
8,F,Black-African,Non_UK,1
8,F,Black-African,UK,1
8,F,Mixed-Other,UK,1
8,F,Pakistani,Non_UK,1
8,F,Pakistani,UK,1
8,F,White,Non_UK,1
8,F,White,UK,3
8,M,Black-African,Non_UK,1
8,M,Black-African,UK,3
8,M,Indian,UK,1
8,M,Pakistani,Non_UK,1
8,M,Pakistani,UK,2
8,M,White,Non_UK,1
8,M,White,UK,2
9,F,Black-African,Non_UK,4
9,F,Black-African,UK,1
9,F,Mixed-Other,Non_UK,1
9,F,Pakistani,Non_UK,2
9,F,White,UK,1
9,M,Black-African,Non_UK,2
9,M,Black-African,UK,3
9,M,Black-African,NA,1
9,M,White,UK,1
10,F,Black-African,Non_UK,2
10,F,Black-African,UK,3
10,F,Indian,Non_UK,2
10,F,Indian,UK,2
10,F,Mixed-Other,UK,1
10,F,Pakistani,Non_UK,1
10,F,Pakistani,UK,3
10,M,Bangladeshi,UK,1
10,M,Black-African,Non_UK,3
10,M,Black-African,UK,1
10,M,Mixed-Other,Non_UK,2
10,M,Mixed-Other,UK,1
10,M,White,UK,1
11,F,Bangladeshi,UK,1
11,F,Black-African,Non_UK,3
11,F,Black-Other,NA,1
11,F,Indian,UK,2
11,F,Pakistani,UK,4
11,F,White,UK,1
11,F,NA,Non_UK,1
11,M,Bangladeshi,Non_UK,1
11,M,Black-African,Non_UK,1
11,M,Black-Caribbean,UK,2
11,M,Mixed-Other,UK,2
11,M,Pakistani,UK,4
11,M,White,UK,1
12,F,Black-African,Non_UK,4
12,F,Black-African,UK,1
12,F,Indian,Non_UK,1
12,F,Mixed-Other,Non_UK,1
12,F,Pakistani,Non_UK,1
12,F,Pakistani,UK,5
12,M,Black-African,Non_UK,4
12,M,Black-African,UK,1
12,M,Indian,Non_UK,2
12,M,Indian,UK,1
12,M,Mixed-Other,Non_UK,1
12,M,Pakistani,UK,4
12,M,White,Non_UK,1
12,M,White,UK,1
12,M,NA,Non_UK,1
12,M,NA,NA,1
13,F,Bangladeshi,Non_UK,1
13,F,Black-African,Non_UK,6
13,F,Black-African,UK,3
13,F,Black-Caribbean,UK,1
13,F,Indian,Non_UK,5
13,F,Mixed-Other,Non_UK,2
13,F,Pakistani,Non_UK,4
13,F,Pakistani,UK,2
13,F,White,UK,1
13,M,Black-African,Non_UK,5
13,M,Black-African,UK,2
13,M,Chinese,Non_UK,1
13,M,Indian,Non_UK,1
13,M,Indian,UK,1
13,M,Mixed-Other,Non_UK,1
13,M,Mixed-Other,UK,1
13,M,Pakistani,UK,2
13,M,White,UK,1
14,F,Black-African,Non_UK,8
14,F,Black-African,UK,5
14,F,Black-African,NA,1
14,F,Black-Caribbean,UK,1
14,F,Indian,Non_UK,1
14,F,Indian,UK,1
14,F,Mixed-Other,Non_UK,2
14,F,Mixed-Other,UK,2
14,F,Pakistani,Non_UK,3
14,F,Pakistani,UK,4
14,F,White,Non_UK,1
14,F,White,UK,1
14,F,NA,Non_UK,2
14,F,NA,NA,1
14,M,Black-African,Non_UK,6
14,M,Black-Caribbean,Non_UK,1
14,M,Black-Other,Non_UK,1
14,M,Indian,Non_UK,1
14,M,Indian,UK,3
14,M,Mixed-Other,Non_UK,5
14,M,Pakistani,UK,1
14,M,White,UK,1
15,F,Bangladeshi,UK,1
15,F,Black-African,Non_UK,8
15,F,Black-African,UK,2
15,F,Indian,Non_UK,2
15,F,Mixed-Other,Non_UK,1
15,F,Mixed-Other,UK,2
15,F,Mixed-Other,NA,1
15,F,Pakistani,Non_UK,2
15,F,Pakistani,UK,6
15,F,White,UK,2
15,F,White,NA,1
15,F,NA,Non_UK,1
15,F,NA,UK,1
15,M,Bangladeshi,UK,1
15,M,Black-African,Non_UK,4
15,M,Black-African,UK,2
15,M,Indian,Non_UK,2
15,M,Mixed-Other,Non_UK,1
15,M,Mixed-Other,NA,1
15,M,Pakistani,UK,2
15,M,White,Non_UK,1
15,M,White,UK,4
15,M,NA,Non_UK,1
16,F,Bangladeshi,UK,2
16,F,Black-African,Non_UK,7
16,F,Black-African,UK,2
16,F,Black-African,NA,1
16,F,Chinese,Non_UK,1
16,F,Indian,Non_UK,5
16,F,Mixed-Other,Non_UK,3
16,F,Mixed-Other,UK,1
16,F,Mixed-Other,NA,1
16,F,Pakistani,Non_UK,1
16,F,Pakistani,UK,6
16,F,White,Non_UK,1
16,F,White,UK,3
16,F,NA,Non_UK,1
16,M,Black-African,Non_UK,3
16,M,Black-African,UK,1
16,M,Indian,Non_UK,1
16,M,Indian,UK,2
16,M,Mixed-Other,Non_UK,5
16,M,Pakistani,Non_UK,1
16,M,Pakistani,UK,4
16,M,NA,Non_UK,1
17,F,Bangladeshi,UK,1
17,F,Black-African,Non_UK,10
17,F,Black-African,UK,3
17,F,Black-Caribbean,UK,3
17,F,Chinese,Non_UK,1
17,F,Indian,Non_UK,1
17,F,Indian,UK,5
17,F,Mixed-Other,Non_UK,2
17,F,Pakistani,UK,3
17,F,White,UK,1
17,F,NA,Non_UK,1
17,M,Bangladeshi,Non_UK,1
17,M,Bangladeshi,UK,1
17,M,Black-African,Non_UK,11
17,M,Black-African,UK,3
17,M,Black-Other,UK,1
17,M,Mixed-Other,Non_UK,6
17,M,Pakistani,Non_UK,2
17,M,Pakistani,UK,3
17,M,White,Non_UK,1
17,M,NA,Non_UK,2
18,F,Black-African,Non_UK,8
18,F,Black-African,UK,1
18,F,Black-Caribbean,UK,1
18,F,Indian,UK,4
18,F,Mixed-Other,Non_UK,3
18,F,Mixed-Other,UK,2
18,F,Pakistani,UK,7
18,F,White,UK,1
18,F,NA,Non_UK,1
18,F,NA,UK,1
18,M,Bangladeshi,Non_UK,1
18,M,Bangladeshi,NA,1
18,M,Black-African,Non_UK,9
18,M,Black-African,UK,3
18,M,Black-Caribbean,UK,3
18,M,Chinese,Non_UK,1
18,M,Indian,Non_UK,1
18,M,Indian,UK,1
18,M,Mixed-Other,Non_UK,5
18,M,Mixed-Other,UK,3
18,M,Pakistani,Non_UK,6
18,M,Pakistani,UK,2
18,M,Pakistani,NA,1
18,M,White,UK,3
18,M,NA,Non_UK,2
18,M,NA,NA,2
19,F,Bangladeshi,Non_UK,2
19,F,Bangladeshi,UK,1
19,F,Black-African,Non_UK,8
19,F,Black-African,UK,2
19,F,Black-Other,Non_UK,1
19,F,Black-Other,UK,1
19,F,Indian,Non_UK,3
19,F,Indian,UK,2
19,F,Mixed-Other,Non_UK,7
19,F,Mixed-Other,UK,1
19,F,Pakistani,Non_UK,1
19,F,Pakistani,UK,7
19,F,White,Non_UK,1
19,F,White,UK,1
19,F,NA,Non_UK,1
19,M,Bangladeshi,Non_UK,5
19,M,Black-African,Non_UK,11
19,M,Black-Caribbean,UK,1
19,M,Black-Other,Non_UK,1
19,M,Chinese,Non_UK,2
19,M,Indian,Non_UK,8
19,M,Indian,UK,3
19,M,Mixed-Other,Non_UK,9
19,M,Mixed-Other,UK,3
19,M,Pakistani,Non_UK,7
19,M,Pakistani,UK,5
19,M,White,Non_UK,2
19,M,White,UK,5
19,M,NA,Non_UK,2
19,M,NA,UK,1
20,F,Bangladeshi,Non_UK,3
20,F,Black-African,Non_UK,10
20,F,Black-African,NA,1
20,F,Black-Caribbean,Non_UK,1
20,F,Black-Caribbean,UK,2
20,F,Black-Other,UK,1
20,F,Indian,Non_UK,4
20,F,Indian,UK,1
20,F,Mixed-Other,Non_UK,6
20,F,Mixed-Other,UK,1
20,F,Pakistani,Non_UK,3
20,F,Pakistani,UK,2
20,F,White,Non_UK,1
20,F,White,UK,6
20,F,NA,Non_UK,1
20,F,NA,UK,1
20,M,Bangladeshi,Non_UK,1
20,M,Bangladeshi,UK,1
20,M,Black-African,Non_UK,12
20,M,Black-African,UK,3
20,M,Black-African,NA,1
20,M,Black-Caribbean,UK,1
20,M,Black-Other,Non_UK,2
20,M,Indian,Non_UK,11
20,M,Indian,UK,4
20,M,Mixed-Other,Non_UK,10
20,M,Pakistani,Non_UK,5
20,M,Pakistani,UK,3
20,M,Pakistani,NA,2
20,M,White,Non_UK,1
20,M,White,UK,3
20,M,NA,Non_UK,4
21,F,Bangladeshi,Non_UK,3
21,F,Bangladeshi,UK,1
21,F,Black-African,Non_UK,8
21,F,Black-African,UK,2
21,F,Chinese,Non_UK,3
21,F,Indian,Non_UK,5
21,F,Indian,UK,5
21,F,Indian,NA,1
21,F,Mixed-Other,Non_UK,9
21,F,Mixed-Other,UK,3
21,F,Pakistani,Non_UK,4
21,F,Pakistani,UK,2
21,F,White,Non_UK,3
21,F,White,UK,3
21,F,NA,Non_UK,1
21,F,NA,NA,1
21,M,Bangladeshi,Non_UK,6
21,M,Bangladeshi,UK,1
21,M,Black-African,Non_UK,16
21,M,Black-African,UK,2
21,M,Black-African,NA,1
21,M,Black-Caribbean,Non_UK,1
21,M,Black-Caribbean,UK,3
21,M,Chinese,Non_UK,1
21,M,Indian,Non_UK,18
21,M,Indian,UK,1
21,M,Indian,NA,1
21,M,Mixed-Other,Non_UK,9
21,M,Pakistani,Non_UK,19
21,M,White,Non_UK,5
21,M,White,UK,4
21,M,NA,Non_UK,3
21,M,NA,NA,1
22,F,Bangladeshi,Non_UK,5
22,F,Bangladeshi,UK,2
22,F,Black-African,Non_UK,12
22,F,Black-African,UK,1
22,F,Black-Caribbean,UK,1
22,F,Chinese,Non_UK,1
22,F,Indian,Non_UK,28
22,F,Indian,UK,4
22,F,Mixed-Other,Non_UK,12
22,F,Mixed-Other,UK,1
22,F,Pakistani,Non_UK,6
22,F,Pakistani,UK,4
22,F,Pakistani,NA,1
22,F,White,Non_UK,3
22,F,White,UK,2
22,F,NA,Non_UK,1
22,F,NA,NA,2
22,M,Bangladeshi,Non_UK,7
22,M,Bangladeshi,UK,2
22,M,Black-African,Non_UK,10
22,M,Black-African,UK,4
22,M,Black-Other,Non_UK,1
22,M,Chinese,Non_UK,2
22,M,Chinese,NA,1
22,M,Indian,Non_UK,34
22,M,Indian,UK,7
22,M,Indian,NA,1
22,M,Mixed-Other,Non_UK,14
22,M,Mixed-Other,UK,2
22,M,Mixed-Other,NA,3
22,M,Pakistani,Non_UK,15
22,M,Pakistani,UK,3
22,M,White,UK,3
22,M,NA,Non_UK,1
22,M,NA,UK,1
23,F,Bangladeshi,Non_UK,3
23,F,Bangladeshi,UK,3
23,F,Black-African,Non_UK,20
23,F,Black-Caribbean,Non_UK,1
23,F,Black-Other,Non_UK,1
23,F,Indian,Non_UK,21
23,F,Indian,UK,4
23,F,Indian,NA,1
23,F,Mixed-Other,Non_UK,15
23,F,Mixed-Other,UK,1
23,F,Pakistani,Non_UK,8
23,F,Pakistani,UK,8
23,F,White,Non_UK,3
23,F,White,UK,5
23,F,NA,Non_UK,2
23,M,Bangladeshi,Non_UK,6
23,M,Bangladeshi,UK,1
23,M,Black-African,Non_UK,24
23,M,Black-African,UK,1
23,M,Black-Caribbean,Non_UK,1
23,M,Chinese,Non_UK,3
23,M,Indian,Non_UK,35
23,M,Indian,UK,4
23,M,Indian,NA,2
23,M,Mixed-Other,Non_UK,12
23,M,Pakistani,Non_UK,22
23,M,Pakistani,UK,5
23,M,Pakistani,NA,2
23,M,White,Non_UK,3
23,M,White,UK,6
24,F,Bangladeshi,Non_UK,6
24,F,Bangladeshi,UK,1
24,F,Black-African,Non_UK,18
24,F,Black-African,UK,1
24,F,Black-African,NA,1
24,F,Black-Caribbean,UK,1
24,F,Black-Other,NA,1
24,F,Chinese,Non_UK,2
24,F,Indian,Non_UK,22
24,F,Indian,UK,4
24,F,Indian,NA,1
24,F,Mixed-Other,Non_UK,18
24,F,Mixed-Other,NA,1
24,F,Pakistani,Non_UK,14
24,F,Pakistani,UK,1
24,F,White,Non_UK,1
24,F,White,UK,3
24,F,White,NA,1
24,F,NA,Non_UK,2
24,F,NA,UK,3
24,M,Bangladeshi,Non_UK,3
24,M,Bangladeshi,UK,1
24,M,Black-African,Non_UK,16
24,M,Black-African,UK,1
24,M,Black-Caribbean,Non_UK,1
24,M,Black-Caribbean,UK,2
24,M,Black-Caribbean,NA,1
24,M,Black-Other,UK,2
24,M,Chinese,Non_UK,2
24,M,Indian,Non_UK,50
24,M,Indian,UK,4
24,M,Indian,NA,4
24,M,Mixed-Other,Non_UK,18
24,M,Mixed-Other,UK,3
24,M,Pakistani,Non_UK,25
24,M,Pakistani,UK,2
24,M,White,Non_UK,2
24,M,White,UK,4
24,M,NA,Non_UK,4
25,F,Bangladeshi,Non_UK,5
25,F,Black-African,Non_UK,20
25,F,Black-Caribbean,Non_UK,1
25,F,Black-Caribbean,UK,4
25,F,Indian,Non_UK,28
25,F,Indian,UK,2
25,F,Indian,NA,3
25,F,Mixed-Other,Non_UK,14
25,F,Mixed-Other,UK,1
25,F,Pakistani,Non_UK,14
25,F,Pakistani,NA,1
25,F,White,Non_UK,1
25,F,White,UK,9
25,F,NA,Non_UK,1
25,M,Bangladeshi,Non_UK,4
25,M,Bangladeshi,UK,2
25,M,Black-African,Non_UK,22
25,M,Black-African,UK,1
25,M,Black-African,NA,2
25,M,Black-Other,Non_UK,1
25,M,Chinese,Non_UK,1
25,M,Indian,Non_UK,53
25,M,Indian,UK,2
25,M,Indian,NA,3
25,M,Mixed-Other,Non_UK,13
25,M,Mixed-Other,UK,1
25,M,Mixed-Other,NA,1
25,M,Pakistani,Non_UK,12
25,M,Pakistani,UK,6
25,M,Pakistani,NA,1
25,M,White,Non_UK,2
25,M,White,UK,5
25,M,White,NA,1
25,M,NA,Non_UK,3
25,M,NA,UK,1
26,F,Bangladeshi,Non_UK,7
26,F,Bangladeshi,UK,1
26,F,Black-African,Non_UK,18
26,F,Black-Caribbean,Non_UK,1
26,F,Black-Other,UK,1
26,F,Chinese,Non_UK,2
26,F,Indian,Non_UK,26
26,F,Indian,UK,4
26,F,Indian,NA,3
26,F,Mixed-Other,Non_UK,16
26,F,Mixed-Other,UK,2
26,F,Pakistani,Non_UK,11
26,F,Pakistani,UK,4
26,F,White,Non_UK,2
26,F,White,UK,4
26,F,NA,Non_UK,1
26,F,NA,NA,1
26,M,Bangladeshi,Non_UK,6
26,M,Bangladeshi,UK,1
26,M,Bangladeshi,NA,1
26,M,Black-African,Non_UK,13
26,M,Black-Caribbean,Non_UK,1
26,M,Black-Caribbean,UK,3
26,M,Chinese,Non_UK,3
26,M,Indian,Non_UK,50
26,M,Indian,UK,4
26,M,Indian,NA,2
26,M,Mixed-Other,Non_UK,13
26,M,Mixed-Other,UK,1
26,M,Mixed-Other,NA,2
26,M,Pakistani,Non_UK,16
26,M,Pakistani,UK,4
26,M,Pakistani,NA,3
26,M,White,Non_UK,3
26,M,White,UK,4
26,M,NA,Non_UK,1
26,M,NA,NA,1
27,F,Bangladeshi,Non_UK,4
27,F,Bangladeshi,UK,1
27,F,Black-African,Non_UK,14
27,F,Black-Caribbean,UK,4
27,F,Black-Other,Non_UK,2
27,F,Chinese,Non_UK,1
27,F,Indian,Non_UK,35
27,F,Indian,UK,5
27,F,Mixed-Other,Non_UK,9
27,F,Mixed-Other,NA,1
27,F,Pakistani,Non_UK,10
27,F,Pakistani,UK,5
27,F,White,Non_UK,1
27,F,White,UK,6
27,F,NA,NA,1
27,M,Bangladeshi,Non_UK,9
27,M,Bangladeshi,UK,1
27,M,Black-African,Non_UK,14
27,M,Chinese,Non_UK,3
27,M,Indian,Non_UK,38
27,M,Indian,UK,2
27,M,Mixed-Other,Non_UK,12
27,M,Mixed-Other,UK,1
27,M,Pakistani,Non_UK,18
27,M,Pakistani,UK,4
27,M,Pakistani,NA,1
27,M,White,Non_UK,3
27,M,White,UK,11
27,M,NA,Non_UK,1
27,M,NA,NA,2
28,F,Bangladeshi,Non_UK,8
28,F,Bangladeshi,UK,1
28,F,Black-African,Non_UK,18
28,F,Black-Caribbean,Non_UK,4
28,F,Black-Caribbean,UK,1
28,F,Indian,Non_UK,36
28,F,Indian,UK,7
28,F,Indian,NA,2
28,F,Mixed-Other,Non_UK,11
28,F,Pakistani,Non_UK,6
28,F,Pakistani,UK,8
28,F,White,Non_UK,3
28,F,White,UK,4
28,F,NA,Non_UK,3
28,F,NA,UK,1
28,F,NA,NA,1
28,M,Bangladeshi,Non_UK,7
28,M,Black-African,Non_UK,16
28,M,Black-African,UK,2
28,M,Black-Caribbean,Non_UK,1
28,M,Black-Caribbean,UK,2
28,M,Chinese,Non_UK,1
28,M,Indian,Non_UK,49
28,M,Indian,UK,4
28,M,Indian,NA,3
28,M,Mixed-Other,Non_UK,11
28,M,Mixed-Other,UK,2
28,M,Mixed-Other,NA,1
28,M,Pakistani,Non_UK,27
28,M,Pakistani,UK,6
28,M,White,Non_UK,6
28,M,White,UK,4
28,M,NA,Non_UK,2
29,F,Black-African,Non_UK,18
29,F,Black-African,NA,1
29,F,Black-Caribbean,UK,2
29,F,Black-Other,Non_UK,1
29,F,Chinese,Non_UK,1
29,F,Indian,Non_UK,34
29,F,Indian,UK,1
29,F,Mixed-Other,Non_UK,10
29,F,Mixed-Other,UK,1
29,F,Mixed-Other,NA,1
29,F,Pakistani,Non_UK,13
29,F,Pakistani,UK,1
29,F,White,Non_UK,3
29,F,White,UK,7
29,F,NA,Non_UK,3
29,F,NA,UK,1
29,M,Bangladeshi,Non_UK,7
29,M,Black-African,Non_UK,27
29,M,Black-Caribbean,Non_UK,1
29,M,Black-Caribbean,UK,1
29,M,Black-Other,Non_UK,1
29,M,Indian,Non_UK,37
29,M,Indian,UK,4
29,M,Indian,NA,1
29,M,Mixed-Other,Non_UK,14
29,M,Mixed-Other,NA,1
29,M,Pakistani,Non_UK,24
29,M,Pakistani,UK,7
29,M,White,Non_UK,1
29,M,White,UK,5
29,M,NA,Non_UK,4
29,M,NA,NA,2
29,NA,Black-African,Non_UK,1
29,NA,Indian,Non_UK,1
30,F,Bangladeshi,Non_UK,2
30,F,Black-African,Non_UK,19
30,F,Black-African,UK,1
30,F,Black-African,NA,3
30,F,Black-Caribbean,Non_UK,2
30,F,Black-Caribbean,UK,1
30,F,Black-Other,Non_UK,2
30,F,Chinese,Non_UK,1
30,F,Indian,Non_UK,37
30,F,Indian,UK,1
30,F,Indian,NA,3
30,F,Mixed-Other,Non_UK,8
30,F,Pakistani,Non_UK,11
30,F,Pakistani,UK,2
30,F,Pakistani,NA,1
30,F,White,Non_UK,6
30,F,White,UK,3
30,F,NA,Non_UK,1
30,M,Bangladeshi,Non_UK,8
30,M,Bangladeshi,UK,1
30,M,Black-African,Non_UK,23
30,M,Black-Caribbean,Non_UK,1
30,M,Black-Caribbean,UK,3
30,M,Black-Other,Non_UK,1
30,M,Indian,Non_UK,36
30,M,Indian,UK,1
30,M,Indian,NA,3
30,M,Mixed-Other,Non_UK,10
30,M,Mixed-Other,UK,2
30,M,Mixed-Other,NA,1
30,M,Pakistani,Non_UK,20
30,M,Pakistani,UK,3
30,M,Pakistani,NA,1
30,M,White,Non_UK,4
30,M,White,UK,4
30,M,NA,NA,2
30,NA,Black-African,Non_UK,1
31,F,Bangladeshi,Non_UK,4
31,F,Black-African,Non_UK,32
31,F,Black-African,NA,2
31,F,Black-Caribbean,Non_UK,1
31,F,Black-Caribbean,UK,2
31,F,Chinese,Non_UK,1
31,F,Indian,Non_UK,27
31,F,Indian,UK,2
31,F,Indian,NA,1
31,F,Mixed-Other,Non_UK,9
31,F,Mixed-Other,UK,2
31,F,Mixed-Other,NA,1
31,F,Pakistani,Non_UK,16
31,F,Pakistani,UK,4
31,F,White,Non_UK,3
31,F,White,UK,7
31,F,NA,Non_UK,1
31,M,Bangladeshi,Non_UK,11
31,M,Bangladeshi,NA,1
31,M,Black-African,Non_UK,25
31,M,Black-African,UK,1
31,M,Black-African,NA,1
31,M,Chinese,Non_UK,1
31,M,Indian,Non_UK,46
31,M,Indian,UK,5
31,M,Mixed-Other,Non_UK,13
31,M,Mixed-Other,NA,1
31,M,Pakistani,Non_UK,18
31,M,Pakistani,UK,3
31,M,Pakistani,NA,1
31,M,White,Non_UK,5
31,M,White,UK,8
31,M,NA,Non_UK,1
31,M,NA,NA,1
31,NA,Black-African,Non_UK,1
31,NA,NA,Non_UK,1
32,F,Bangladeshi,Non_UK,6
32,F,Black-African,Non_UK,21
32,F,Black-African,NA,3
32,F,Black-Caribbean,UK,1
32,F,Black-Other,Non_UK,1
32,F,Chinese,UK,1
32,F,Indian,Non_UK,27
32,F,Indian,UK,1
32,F,Indian,NA,2
32,F,Mixed-Other,Non_UK,13
32,F,Pakistani,Non_UK,13
32,F,Pakistani,UK,1
32,F,Pakistani,NA,2
32,F,White,Non_UK,4
32,F,White,UK,5
32,F,White,NA,1
32,F,NA,Non_UK,2
32,F,NA,UK,1
32,M,Bangladeshi,Non_UK,9
32,M,Bangladeshi,UK,1
32,M,Black-African,Non_UK,28
32,M,Black-African,UK,1
32,M,Black-African,NA,1
32,M,Black-Caribbean,Non_UK,2
32,M,Black-Caribbean,UK,1
32,M,Chinese,Non_UK,2
32,M,Indian,Non_UK,36
32,M,Indian,UK,4
32,M,Indian,NA,3
32,M,Mixed-Other,Non_UK,10
32,M,Pakistani,Non_UK,12
32,M,Pakistani,UK,4
32,M,White,Non_UK,5
32,M,White,UK,11
32,M,White,NA,2
32,M,NA,Non_UK,3
32,M,NA,NA,2
33,F,Bangladeshi,Non_UK,1
33,F,Bangladeshi,UK,2
33,F,Black-African,Non_UK,21
33,F,Black-Caribbean,UK,1
33,F,Chinese,Non_UK,2
33,F,Indian,Non_UK,19
33,F,Indian,UK,3
33,F,Indian,NA,2
33,F,Mixed-Other,Non_UK,8
33,F,Mixed-Other,UK,1
33,F,Pakistani,Non_UK,10
33,F,Pakistani,UK,2
33,F,White,Non_UK,5
33,F,White,UK,5
33,F,NA,NA,2
33,M,Bangladeshi,Non_UK,11
33,M,Black-African,Non_UK,20
33,M,Black-Caribbean,UK,1
33,M,Chinese,Non_UK,1
33,M,Indian,Non_UK,44
33,M,Indian,UK,3
33,M,Indian,NA,1
33,M,Mixed-Other,Non_UK,18
33,M,Pakistani,Non_UK,14
33,M,White,Non_UK,2
33,M,White,UK,8
33,M,NA,Non_UK,2
33,M,NA,UK,1
33,M,NA,NA,2
33,NA,Mixed-Other,Non_UK,1
34,F,Bangladeshi,Non_UK,1
34,F,Black-African,Non_UK,19
34,F,Indian,Non_UK,21
34,F,Indian,UK,3
34,F,Mixed-Other,Non_UK,6
34,F,Pakistani,Non_UK,3
34,F,Pakistani,UK,2
34,F,Pakistani,NA,1
34,F,White,Non_UK,1
34,F,White,UK,7
34,F,NA,Non_UK,1
34,M,Bangladeshi,Non_UK,7
34,M,Bangladeshi,UK,1
34,M,Black-African,Non_UK,20
34,M,Black-African,UK,1
34,M,Black-African,NA,1
34,M,Black-Caribbean,UK,1
34,M,Black-Caribbean,NA,1
34,M,Black-Other,UK,1
34,M,Chinese,Non_UK,1
34,M,Indian,Non_UK,32
34,M,Indian,UK,2
34,M,Indian,NA,1
34,M,Mixed-Other,Non_UK,12
34,M,Pakistani,Non_UK,20
34,M,Pakistani,UK,3
34,M,Pakistani,NA,1
34,M,White,Non_UK,5
34,M,White,UK,5
34,M,NA,Non_UK,3
34,M,NA,UK,1
34,M,NA,NA,2
35,F,Bangladeshi,Non_UK,2
35,F,Black-African,Non_UK,16
35,F,Black-African,UK,1
35,F,Black-African,NA,1
35,F,Black-Caribbean,Non_UK,1
35,F,Black-Caribbean,UK,2
35,F,Black-Other,Non_UK,1
35,F,Chinese,Non_UK,1
35,F,Indian,Non_UK,18
35,F,Indian,UK,4
35,F,Indian,NA,1
35,F,Mixed-Other,Non_UK,10
35,F,Pakistani,Non_UK,7
35,F,White,Non_UK,4
35,F,White,UK,4
35,F,NA,Non_UK,2
35,F,NA,NA,1
35,M,Bangladeshi,Non_UK,3
35,M,Bangladeshi,UK,1
35,M,Black-African,Non_UK,25
35,M,Black-African,NA,1
35,M,Black-Caribbean,Non_UK,1
35,M,Chinese,Non_UK,2
35,M,Indian,Non_UK,37
35,M,Indian,UK,3
35,M,Mixed-Other,Non_UK,11
35,M,Mixed-Other,NA,3
35,M,Pakistani,Non_UK,13
35,M,Pakistani,UK,1
35,M,White,Non_UK,6
35,M,White,UK,11
35,M,NA,Non_UK,4
36,F,Bangladeshi,NA,1
36,F,Black-African,Non_UK,24
36,F,Black-African,UK,1
36,F,Chinese,Non_UK,1
36,F,Indian,Non_UK,20
36,F,Indian,UK,2
36,F,Indian,NA,1
36,F,Mixed-Other,Non_UK,10
36,F,Pakistani,Non_UK,7
36,F,Pakistani,UK,3
36,F,Pakistani,NA,1
36,F,White,UK,4
36,F,NA,Non_UK,1
36,M,Bangladeshi,Non_UK,3
36,M,Black-African,Non_UK,30
36,M,Black-African,NA,1
36,M,Black-Caribbean,Non_UK,1
36,M,Chinese,Non_UK,4
36,M,Indian,Non_UK,24
36,M,Indian,UK,4
36,M,Indian,NA,1
36,M,Mixed-Other,Non_UK,12
36,M,Pakistani,Non_UK,6
36,M,Pakistani,UK,3
36,M,Pakistani,NA,2
36,M,White,Non_UK,3
36,M,White,UK,6
36,M,NA,Non_UK,2
36,M,NA,UK,1
36,M,NA,NA,1
36,NA,Black-African,Non_UK,1
37,F,Bangladeshi,Non_UK,2
37,F,Black-African,Non_UK,20
37,F,Black-African,UK,1
37,F,Black-African,NA,1
37,F,Black-Caribbean,UK,1
37,F,Black-Other,UK,1
37,F,Indian,Non_UK,14
37,F,Indian,UK,2
37,F,Indian,NA,2
37,F,Mixed-Other,Non_UK,10
37,F,Mixed-Other,NA,1
37,F,Pakistani,Non_UK,7
37,F,Pakistani,UK,2
37,F,White,Non_UK,5
37,F,White,UK,4
37,M,Bangladeshi,Non_UK,1
37,M,Black-African,Non_UK,12
37,M,Black-African,UK,1
37,M,Black-Caribbean,Non_UK,1
37,M,Black-Caribbean,UK,1
37,M,Black-Other,UK,1
37,M,Indian,Non_UK,19
37,M,Indian,UK,9
37,M,Indian,NA,2
37,M,Mixed-Other,Non_UK,10
37,M,Mixed-Other,NA,1
37,M,Pakistani,Non_UK,12
37,M,Pakistani,UK,1
37,M,White,Non_UK,4
37,M,White,UK,9
37,M,NA,Non_UK,3
38,F,Black-African,Non_UK,19
38,F,Black-Caribbean,Non_UK,1
38,F,Black-Caribbean,UK,2
38,F,Chinese,Non_UK,1
38,F,Indian,Non_UK,13
38,F,Indian,UK,1
38,F,Indian,NA,1
38,F,Mixed-Other,Non_UK,8
38,F,Pakistani,Non_UK,9
38,F,Pakistani,UK,1
38,F,Pakistani,NA,2
38,F,White,UK,7
38,F,NA,NA,1
38,M,Bangladeshi,Non_UK,6
38,M,Black-African,Non_UK,21
38,M,Black-Caribbean,Non_UK,2
38,M,Black-Caribbean,UK,1
38,M,Chinese,Non_UK,1
38,M,Indian,Non_UK,22
38,M,Indian,NA,1
38,M,Mixed-Other,Non_UK,6
38,M,Mixed-Other,UK,2
38,M,Pakistani,Non_UK,18
38,M,White,Non_UK,5
38,M,White,UK,7
38,M,NA,Non_UK,2
38,NA,Mixed-Other,UK,1
39,F,Black-African,Non_UK,11
39,F,Black-African,NA,1
39,F,Black-Caribbean,Non_UK,1
39,F,Indian,Non_UK,12
39,F,Indian,NA,1
39,F,Mixed-Other,Non_UK,11
39,F,Pakistani,Non_UK,6
39,F,White,UK,4
39,F,White,NA,1
39,F,NA,Non_UK,2
39,F,NA,NA,1
39,M,Bangladeshi,Non_UK,1
39,M,Black-African,Non_UK,22
39,M,Black-African,NA,1
39,M,Black-Caribbean,UK,1
39,M,Indian,Non_UK,23
39,M,Indian,UK,1
39,M,Mixed-Other,Non_UK,10
39,M,Mixed-Other,UK,1
39,M,Mixed-Other,NA,2
39,M,Pakistani,Non_UK,12
39,M,Pakistani,NA,1
39,M,White,Non_UK,4
39,M,White,UK,9
39,M,White,NA,1
39,M,NA,UK,1
39,M,NA,NA,1
40,F,Bangladeshi,Non_UK,2
40,F,Black-African,Non_UK,15
40,F,Black-African,UK,1
40,F,Black-African,NA,3
40,F,Chinese,Non_UK,1
40,F,Indian,Non_UK,6
40,F,Indian,UK,2
40,F,Indian,NA,1
40,F,Mixed-Other,Non_UK,11
40,F,Pakistani,Non_UK,4
40,F,White,Non_UK,2
40,F,White,UK,5
40,F,White,NA,1
40,M,Bangladeshi,Non_UK,3
40,M,Black-African,Non_UK,23
40,M,Black-African,UK,1
40,M,Black-African,NA,2
40,M,Black-Caribbean,UK,1
40,M,Black-Other,Non_UK,1
40,M,Black-Other,UK,1
40,M,Chinese,Non_UK,2
40,M,Chinese,UK,1
40,M,Indian,Non_UK,12
40,M,Indian,UK,2
40,M,Indian,NA,1
40,M,Mixed-Other,Non_UK,10
40,M,Pakistani,Non_UK,10
40,M,Pakistani,UK,1
40,M,White,Non_UK,7
40,M,White,UK,11
40,M,White,NA,1
40,M,NA,NA,1
40,NA,Indian,UK,1
41,F,Black-African,Non_UK,9
41,F,Black-African,UK,2
41,F,Black-African,NA,2
41,F,Black-Caribbean,UK,1
41,F,Chinese,Non_UK,2
41,F,Indian,Non_UK,15
41,F,Indian,UK,4
41,F,Mixed-Other,Non_UK,5
41,F,Mixed-Other,UK,1
41,F,Pakistani,Non_UK,11
41,F,Pakistani,UK,2
41,F,White,Non_UK,2
41,F,White,UK,8
41,F,NA,Non_UK,2
41,F,NA,NA,1
41,M,Bangladeshi,Non_UK,2
41,M,Black-African,Non_UK,11
41,M,Black-African,UK,1
41,M,Black-Caribbean,Non_UK,1
41,M,Black-Caribbean,UK,3
41,M,Black-Other,UK,1
41,M,Indian,Non_UK,21
41,M,Indian,UK,3
41,M,Mixed-Other,Non_UK,10
41,M,Mixed-Other,UK,1
41,M,Pakistani,Non_UK,7
41,M,Pakistani,UK,1
41,M,White,Non_UK,2
41,M,White,UK,8
41,M,NA,NA,2
41,NA,Mixed-Other,Non_UK,1
42,F,Bangladeshi,Non_UK,2
42,F,Black-African,Non_UK,12
42,F,Black-African,UK,4
42,F,Black-Caribbean,UK,2
42,F,Black-Other,Non_UK,2
42,F,Chinese,Non_UK,2
42,F,Indian,Non_UK,10
42,F,Mixed-Other,Non_UK,6
42,F,Mixed-Other,NA,1
42,F,Pakistani,Non_UK,4
42,F,Pakistani,NA,1
42,F,White,UK,5
42,F,NA,Non_UK,1
42,F,NA,NA,3
42,M,Bangladeshi,Non_UK,1
42,M,Bangladeshi,UK,1
42,M,Black-African,Non_UK,13
42,M,Black-African,UK,1
42,M,Black-African,NA,2
42,M,Black-Caribbean,UK,1
42,M,Black-Other,Non_UK,1
42,M,Chinese,Non_UK,1
42,M,Indian,Non_UK,15
42,M,Indian,NA,1
42,M,Mixed-Other,Non_UK,3
42,M,Mixed-Other,UK,1
42,M,Pakistani,Non_UK,10
42,M,Pakistani,UK,2
42,M,White,Non_UK,5
42,M,White,UK,14
42,M,NA,Non_UK,1
42,M,NA,UK,2
42,M,NA,NA,2
43,F,Bangladeshi,Non_UK,1
43,F,Black-African,Non_UK,12
43,F,Black-African,UK,1
43,F,Black-African,NA,2
43,F,Black-Caribbean,Non_UK,2
43,F,Black-Caribbean,UK,2
43,F,Black-Other,Non_UK,1
43,F,Chinese,Non_UK,1
43,F,Indian,Non_UK,12
43,F,Indian,UK,1
43,F,Mixed-Other,Non_UK,6
43,F,Pakistani,Non_UK,4
43,F,Pakistani,UK,1
43,F,White,Non_UK,1
43,F,White,UK,9
43,F,NA,Non_UK,1
43,M,Bangladeshi,Non_UK,5
43,M,Black-African,Non_UK,18
43,M,Black-African,UK,1
43,M,Black-Caribbean,UK,3
43,M,Black-Other,UK,1
43,M,Indian,Non_UK,17
43,M,Indian,UK,1
43,M,Mixed-Other,Non_UK,9
43,M,Pakistani,Non_UK,10
43,M,White,UK,9
43,M,NA,Non_UK,1
43,M,NA,UK,1
43,NA,White,UK,1
44,F,Bangladeshi,NA,1
44,F,Black-African,Non_UK,10
44,F,Black-African,UK,2
44,F,Indian,Non_UK,10
44,F,Indian,UK,1
44,F,Mixed-Other,Non_UK,2
44,F,Pakistani,Non_UK,9
44,F,White,UK,11
44,F,NA,Non_UK,1
44,M,Bangladeshi,Non_UK,1
44,M,Black-African,Non_UK,9
44,M,Black-African,UK,1
44,M,Black-African,NA,1
44,M,Black-Caribbean,UK,2
44,M,Indian,Non_UK,14
44,M,Indian,UK,2
44,M,Mixed-Other,Non_UK,4
44,M,Pakistani,Non_UK,13
44,M,White,Non_UK,2
44,M,White,UK,12
44,M,White,NA,1
44,M,NA,NA,2
45,F,Bangladeshi,Non_UK,4
45,F,Black-African,Non_UK,12
45,F,Black-African,NA,1
45,F,Black-Caribbean,Non_UK,1
45,F,Black-Caribbean,UK,2
45,F,Black-Other,Non_UK,1
45,F,Chinese,Non_UK,1
45,F,Indian,Non_UK,8
45,F,Mixed-Other,Non_UK,3
45,F,Pakistani,Non_UK,8
45,F,White,Non_UK,1
45,F,White,UK,5
45,F,White,NA,1
45,M,Bangladeshi,Non_UK,1
45,M,Black-African,Non_UK,10
45,M,Black-African,NA,1
45,M,Black-Caribbean,Non_UK,1
45,M,Black-Caribbean,UK,1
45,M,Black-Other,Non_UK,1
45,M,Chinese,UK,1
45,M,Indian,Non_UK,20
45,M,Indian,UK,3
45,M,Mixed-Other,Non_UK,7
45,M,Mixed-Other,UK,2
45,M,Pakistani,Non_UK,6
45,M,Pakistani,NA,1
45,M,White,Non_UK,6
45,M,White,UK,18
45,M,White,NA,1
45,M,NA,UK,1
45,M,NA,NA,1
45,NA,White,UK,2
46,F,Black-African,Non_UK,16
46,F,Black-Caribbean,UK,4
46,F,Chinese,Non_UK,1
46,F,Indian,Non_UK,9
46,F,Indian,UK,2
46,F,Mixed-Other,Non_UK,4
46,F,Pakistani,Non_UK,7
46,F,Pakistani,UK,1
46,F,White,Non_UK,3
46,F,White,UK,4
46,F,White,NA,1
46,F,NA,Non_UK,1
46,F,NA,NA,1
46,M,Bangladeshi,Non_UK,5
46,M,Black-African,Non_UK,15
46,M,Black-African,UK,1
46,M,Black-Caribbean,Non_UK,1
46,M,Black-Other,Non_UK,1
46,M,Indian,Non_UK,17
46,M,Mixed-Other,Non_UK,2
46,M,Mixed-Other,NA,1
46,M,Pakistani,Non_UK,6
46,M,Pakistani,UK,1
46,M,White,Non_UK,2
46,M,White,UK,18
46,M,NA,Non_UK,1
46,M,NA,NA,1
46,NA,Indian,Non_UK,1
47,F,Black-African,Non_UK,9
47,F,Black-Caribbean,UK,3
47,F,Black-Other,Non_UK,1
47,F,Indian,Non_UK,11
47,F,Indian,UK,1
47,F,Indian,NA,2
47,F,Mixed-Other,Non_UK,3
47,F,Pakistani,Non_UK,2
47,F,Pakistani,NA,1
47,F,White,Non_UK,1
47,F,White,UK,10
47,F,NA,Non_UK,3
47,M,Black-African,Non_UK,17
47,M,Black-African,NA,1
47,M,Black-Caribbean,Non_UK,1
47,M,Chinese,Non_UK,1
47,M,Indian,Non_UK,19
47,M,Indian,UK,1
47,M,Indian,NA,1
47,M,Mixed-Other,Non_UK,2
47,M,Pakistani,Non_UK,8
47,M,Pakistani,NA,1
47,M,White,Non_UK,3
47,M,White,UK,12
47,M,White,NA,1
47,M,NA,Non_UK,1
47,M,NA,NA,2
47,NA,Pakistani,Non_UK,1
48,F,Black-African,Non_UK,10
48,F,Black-Caribbean,Non_UK,1
48,F,Indian,Non_UK,3
48,F,Indian,UK,1
48,F,Indian,NA,1
48,F,Mixed-Other,Non_UK,5
48,F,Pakistani,Non_UK,5
48,F,White,Non_UK,2
48,F,White,UK,5
48,F,NA,NA,1
48,M,Bangladeshi,Non_UK,1
48,M,Black-African,Non_UK,7
48,M,Black-African,UK,1
48,M,Black-Caribbean,UK,1
48,M,Black-Other,UK,1
48,M,Indian,Non_UK,10
48,M,Indian,NA,1
48,M,Mixed-Other,Non_UK,3
48,M,Mixed-Other,NA,1
48,M,Pakistani,Non_UK,4
48,M,Pakistani,NA,1
48,M,White,Non_UK,2
48,M,White,UK,8
48,M,White,NA,1
48,M,NA,Non_UK,1
49,F,Black-African,Non_UK,4
49,F,Black-African,NA,1
49,F,Black-Caribbean,Non_UK,1
49,F,Chinese,Non_UK,1
49,F,Indian,Non_UK,4
49,F,Indian,NA,3
49,F,Pakistani,Non_UK,6
49,F,White,UK,6
49,F,White,NA,1
49,F,NA,NA,1
49,M,Bangladeshi,Non_UK,1
49,M,Black-African,Non_UK,9
49,M,Black-African,UK,1
49,M,Black-African,NA,1
49,M,Black-Caribbean,Non_UK,1
49,M,Black-Caribbean,UK,1
49,M,Black-Other,Non_UK,3
49,M,Indian,Non_UK,7
49,M,Indian,UK,1
49,M,Mixed-Other,Non_UK,3
49,M,Mixed-Other,UK,1
49,M,Pakistani,Non_UK,7
49,M,White,Non_UK,3
49,M,White,UK,12
49,M,White,NA,1
49,M,NA,UK,1
50,F,Bangladeshi,Non_UK,1
50,F,Black-African,Non_UK,7
50,F,Black-African,NA,1
50,F,Black-Caribbean,NA,1
50,F,Chinese,Non_UK,1
50,F,Indian,Non_UK,9
50,F,Indian,NA,1
50,F,Mixed-Other,Non_UK,7
50,F,Mixed-Other,NA,2
50,F,Pakistani,Non_UK,9
50,F,White,Non_UK,2
50,F,White,UK,9
50,F,NA,Non_UK,1
50,M,Bangladeshi,Non_UK,3
50,M,Black-African,Non_UK,9
50,M,Black-African,UK,1
50,M,Black-African,NA,1
50,M,Black-Caribbean,Non_UK,1
50,M,Black-Caribbean,UK,1
50,M,Chinese,Non_UK,1
50,M,Indian,Non_UK,12
50,M,Indian,UK,1
50,M,Indian,NA,1
50,M,Mixed-Other,Non_UK,6
50,M,Mixed-Other,UK,1
50,M,Pakistani,Non_UK,10
50,M,Pakistani,UK,1
50,M,White,UK,14
50,M,White,NA,1
50,NA,NA,UK,1
51,F,Black-African,Non_UK,9
51,F,Black-African,UK,2
51,F,Black-Caribbean,UK,1
51,F,Indian,Non_UK,9
51,F,Mixed-Other,Non_UK,4
51,F,Pakistani,Non_UK,11
51,F,White,Non_UK,2
51,F,White,UK,6
51,F,White,NA,2
51,F,NA,Non_UK,2
51,F,NA,NA,1
51,M,Bangladeshi,Non_UK,4
51,M,Black-African,Non_UK,10
51,M,Chinese,Non_UK,1
51,M,Indian,Non_UK,11
51,M,Indian,UK,3
51,M,Indian,NA,1
51,M,Mixed-Other,Non_UK,5
51,M,Mixed-Other,UK,1
51,M,Mixed-Other,NA,1
51,M,Pakistani,Non_UK,1
51,M,White,Non_UK,3
51,M,White,UK,12
51,M,White,NA,3
51,M,NA,Non_UK,1
51,M,NA,UK,1
51,M,NA,NA,1
52,F,Bangladeshi,UK,1
52,F,Black-African,Non_UK,4
52,F,Black-Caribbean,Non_UK,1
52,F,Indian,Non_UK,9
52,F,Mixed-Other,Non_UK,2
52,F,Pakistani,Non_UK,10
52,F,Pakistani,NA,1
52,F,White,Non_UK,1
52,F,White,UK,3
52,F,NA,NA,1
52,M,Bangladeshi,Non_UK,2
52,M,Black-African,Non_UK,5
52,M,Black-African,NA,1
52,M,Black-Caribbean,Non_UK,3
52,M,Black-Other,Non_UK,1
52,M,Indian,Non_UK,9
52,M,Indian,UK,1
52,M,Mixed-Other,Non_UK,4
52,M,Pakistani,Non_UK,12
52,M,White,Non_UK,2
52,M,White,UK,10
52,M,White,NA,1
52,M,NA,NA,1
53,F,Bangladeshi,Non_UK,1
53,F,Black-African,Non_UK,4
53,F,Black-Caribbean,Non_UK,2
53,F,Black-Caribbean,UK,1
53,F,Indian,Non_UK,7
53,F,Indian,UK,1
53,F,Indian,NA,2
53,F,Mixed-Other,Non_UK,3
53,F,Mixed-Other,UK,1
53,F,Pakistani,Non_UK,13
53,F,White,Non_UK,1
53,F,White,UK,5
53,F,NA,Non_UK,1
53,M,Bangladeshi,Non_UK,1
53,M,Black-African,Non_UK,8
53,M,Black-Caribbean,Non_UK,2
53,M,Indian,Non_UK,11
53,M,Mixed-Other,Non_UK,6
53,M,Mixed-Other,NA,1
53,M,Pakistani,Non_UK,8
53,M,Pakistani,UK,1
53,M,White,Non_UK,2
53,M,White,UK,11
53,M,NA,NA,1
54,F,Black-African,Non_UK,7
54,F,Black-Caribbean,Non_UK,1
54,F,Indian,Non_UK,6
54,F,Indian,UK,1
54,F,Mixed-Other,Non_UK,2
54,F,Mixed-Other,NA,1
54,F,Pakistani,Non_UK,5
54,F,White,UK,7
54,F,NA,Non_UK,1
54,M,Bangladeshi,Non_UK,2
54,M,Black-African,Non_UK,7
54,M,Black-Caribbean,Non_UK,1
54,M,Chinese,Non_UK,1
54,M,Indian,Non_UK,7
54,M,Indian,NA,1
54,M,Mixed-Other,Non_UK,4
54,M,Mixed-Other,NA,1
54,M,Pakistani,Non_UK,7
54,M,White,Non_UK,1
54,M,White,UK,10
54,M,NA,NA,2
55,F,Black-African,Non_UK,3
55,F,Indian,Non_UK,9
55,F,Mixed-Other,Non_UK,3
55,F,Pakistani,Non_UK,8
55,F,Pakistani,NA,1
55,F,White,UK,2
55,F,White,NA,1
55,F,NA,Non_UK,2
55,M,Black-African,Non_UK,7
55,M,Black-Caribbean,Non_UK,1
55,M,Black-Caribbean,UK,2
55,M,Indian,Non_UK,7
55,M,Mixed-Other,Non_UK,2
55,M,Mixed-Other,NA,1
55,M,Pakistani,Non_UK,6
55,M,Pakistani,NA,1
55,M,White,Non_UK,2
55,M,White,UK,8
55,M,White,NA,4
55,NA,Indian,Non_UK,1
56,F,Bangladeshi,Non_UK,1
56,F,Black-African,Non_UK,9
56,F,Indian,Non_UK,9
56,F,Indian,NA,1
56,F,Mixed-Other,Non_UK,5
56,F,Mixed-Other,NA,1
56,F,Pakistani,Non_UK,5
56,F,White,Non_UK,2
56,F,White,UK,4
56,F,White,NA,1
56,M,Bangladeshi,Non_UK,1
56,M,Black-African,Non_UK,4
56,M,Black-African,UK,1
56,M,Black-Caribbean,Non_UK,1
56,M,Chinese,Non_UK,1
56,M,Indian,Non_UK,12
56,M,Indian,NA,2
56,M,Mixed-Other,Non_UK,3
56,M,Pakistani,Non_UK,7
56,M,Pakistani,NA,2
56,M,White,Non_UK,2
56,M,White,UK,19
56,M,NA,Non_UK,1
57,F,Bangladeshi,Non_UK,2
57,F,Black-African,Non_UK,3
57,F,Black-Caribbean,NA,1
57,F,Black-Other,Non_UK,1
57,F,Indian,Non_UK,13
57,F,Mixed-Other,Non_UK,6
57,F,Pakistani,Non_UK,8
57,F,White,Non_UK,1
57,F,White,UK,6
57,F,NA,Non_UK,1
57,M,Bangladeshi,Non_UK,3
57,M,Black-African,Non_UK,4
57,M,Black-Caribbean,NA,1
57,M,Black-Other,Non_UK,1
57,M,Chinese,Non_UK,1
57,M,Indian,Non_UK,19
57,M,Mixed-Other,Non_UK,2
57,M,Pakistani,Non_UK,6
57,M,Pakistani,NA,1
57,M,White,Non_UK,2
57,M,White,UK,15
57,M,White,NA,1
57,NA,Pakistani,Non_UK,1
58,F,Black-African,Non_UK,4
58,F,Black-African,NA,1
58,F,Indian,Non_UK,12
58,F,Mixed-Other,Non_UK,1
58,F,Mixed-Other,NA,1
58,F,Pakistani,Non_UK,6
58,F,Pakistani,NA,1
58,F,White,Non_UK,1
58,F,White,UK,7
58,F,White,NA,1
58,F,NA,UK,1
58,F,NA,NA,1
58,M,Bangladeshi,Non_UK,1
58,M,Black-African,Non_UK,2
58,M,Black-Caribbean,Non_UK,1
58,M,Indian,Non_UK,2
58,M,Indian,NA,1
58,M,Mixed-Other,Non_UK,4
58,M,Pakistani,Non_UK,5
58,M,Pakistani,NA,1
58,M,White,Non_UK,2
58,M,White,UK,7
58,M,NA,UK,1
59,F,Black-African,Non_UK,3
59,F,Indian,Non_UK,4
59,F,Indian,NA,1
59,F,Mixed-Other,Non_UK,4
59,F,Mixed-Other,NA,1
59,F,Pakistani,Non_UK,3
59,F,Pakistani,NA,1
59,F,White,UK,5
59,F,White,NA,2
59,F,NA,NA,2
59,M,Bangladeshi,Non_UK,1
59,M,Black-African,Non_UK,5
59,M,Black-Caribbean,Non_UK,1
59,M,Black-Other,Non_UK,1
59,M,Indian,Non_UK,6
59,M,Mixed-Other,Non_UK,3
59,M,Pakistani,Non_UK,9
59,M,Pakistani,NA,2
59,M,White,Non_UK,1
59,M,White,UK,14
59,M,White,NA,1
60,F,Bangladeshi,Non_UK,1
60,F,Black-African,Non_UK,2
60,F,Black-Other,Non_UK,1
60,F,Indian,Non_UK,7
60,F,Indian,NA,1
60,F,Mixed-Other,Non_UK,1
60,F,Pakistani,Non_UK,5
60,F,Pakistani,NA,1
60,F,White,Non_UK,1
60,F,White,UK,8
60,F,NA,NA,1
60,M,Black-African,Non_UK,2
60,M,Black-Caribbean,Non_UK,2
60,M,Indian,Non_UK,8
60,M,Mixed-Other,Non_UK,4
60,M,Pakistani,Non_UK,7
60,M,Pakistani,NA,1
60,M,White,UK,12
60,M,White,NA,2
60,M,NA,Non_UK,1
60,NA,Pakistani,Non_UK,1
61,F,Bangladeshi,Non_UK,2
61,F,Black-African,Non_UK,6
61,F,Chinese,Non_UK,2
61,F,Indian,Non_UK,2
61,F,Mixed-Other,Non_UK,2
61,F,Pakistani,Non_UK,8
61,F,White,UK,6
61,F,White,NA,1
61,F,NA,Non_UK,1
61,M,Bangladeshi,Non_UK,1
61,M,Black-African,Non_UK,5
61,M,Black-Other,Non_UK,1
61,M,Indian,Non_UK,10
61,M,Mixed-Other,NA,2
61,M,Pakistani,Non_UK,3
61,M,White,Non_UK,2
61,M,White,UK,10
61,M,White,NA,1
61,NA,White,UK,1
62,F,Chinese,Non_UK,1
62,F,Indian,Non_UK,7
62,F,Mixed-Other,Non_UK,2
62,F,Pakistani,Non_UK,4
62,F,White,UK,6
62,F,White,NA,1
62,M,Bangladeshi,Non_UK,1
62,M,Black-African,Non_UK,3
62,M,Black-African,NA,1
62,M,Indian,Non_UK,9
62,M,Indian,NA,1
62,M,Mixed-Other,Non_UK,1
62,M,Pakistani,Non_UK,2
62,M,White,Non_UK,1
62,M,White,UK,12
62,M,White,NA,2
62,M,NA,UK,1
62,M,NA,NA,1
63,F,Black-African,Non_UK,4
63,F,Black-Caribbean,Non_UK,1
63,F,Chinese,Non_UK,1
63,F,Indian,Non_UK,8
63,F,Indian,NA,3
63,F,Mixed-Other,Non_UK,2
63,F,Pakistani,Non_UK,4
63,F,White,Non_UK,1
63,F,White,UK,9
63,F,White,NA,1
63,F,NA,Non_UK,1
63,F,NA,NA,2
63,M,Bangladeshi,Non_UK,1
63,M,Black-African,Non_UK,1
63,M,Black-Caribbean,Non_UK,1
63,M,Indian,Non_UK,7
63,M,Mixed-Other,Non_UK,3
63,M,Pakistani,Non_UK,1
63,M,Pakistani,NA,1
63,M,White,UK,7
63,M,NA,NA,1
64,F,Black-African,Non_UK,2
64,F,Black-Caribbean,Non_UK,1
64,F,Indian,Non_UK,9
64,F,Mixed-Other,Non_UK,3
64,F,Pakistani,Non_UK,4
64,F,White,Non_UK,1
64,F,White,UK,7
64,F,NA,NA,3
64,M,Bangladeshi,Non_UK,2
64,M,Black-Caribbean,Non_UK,1
64,M,Black-Other,NA,1
64,M,Indian,Non_UK,10
64,M,Mixed-Other,Non_UK,5
64,M,Pakistani,Non_UK,5
64,M,Pakistani,NA,2
64,M,White,Non_UK,3
64,M,White,UK,11
64,M,White,NA,1
64,M,NA,Non_UK,1
64,M,NA,NA,2
65,F,Bangladeshi,Non_UK,1
65,F,Black-African,Non_UK,1
65,F,Black-Other,Non_UK,1
65,F,Indian,Non_UK,4
65,F,Indian,UK,1
65,F,Mixed-Other,Non_UK,1
65,F,Pakistani,Non_UK,5
65,F,White,Non_UK,1
65,F,White,UK,4
65,F,NA,NA,2
65,M,Indian,Non_UK,5
65,M,Mixed-Other,Non_UK,1
65,M,Pakistani,Non_UK,1
65,M,White,Non_UK,1
65,M,White,UK,12
66,F,Indian,Non_UK,4
66,F,Mixed-Other,Non_UK,1
66,F,Pakistani,Non_UK,3
66,F,White,Non_UK,2
66,F,White,UK,1
66,F,NA,Non_UK,1
66,F,NA,NA,2
66,M,Bangladeshi,Non_UK,1
66,M,Black-African,Non_UK,1
66,M,Black-Other,NA,1
66,M,Indian,Non_UK,7
66,M,Mixed-Other,Non_UK,2
66,M,Pakistani,Non_UK,5
66,M,White,Non_UK,2
66,M,White,UK,14
66,M,White,NA,2
66,M,NA,Non_UK,2
66,M,NA,UK,1
66,M,NA,NA,1
66,NA,White,UK,1
67,F,Black-African,Non_UK,3
67,F,Black-Caribbean,Non_UK,1
67,F,Chinese,Non_UK,1
67,F,Indian,Non_UK,11
67,F,Mixed-Other,Non_UK,4
67,F,Pakistani,Non_UK,1
67,F,Pakistani,NA,2
67,F,White,UK,4
67,F,White,NA,1
67,F,NA,NA,1
67,M,Bangladeshi,Non_UK,2
67,M,Black-African,Non_UK,1
67,M,Chinese,Non_UK,1
67,M,Indian,Non_UK,11
67,M,Mixed-Other,Non_UK,4
67,M,Pakistani,Non_UK,1
67,M,White,UK,8
67,M,NA,UK,1
68,F,Indian,Non_UK,6
68,F,Mixed-Other,Non_UK,1
68,F,Pakistani,Non_UK,2
68,F,White,Non_UK,1
68,F,White,UK,9
68,M,Black-African,Non_UK,4
68,M,Black-Caribbean,Non_UK,1
68,M,Indian,Non_UK,6
68,M,Indian,NA,2
68,M,Mixed-Other,Non_UK,1
68,M,Pakistani,Non_UK,6
68,M,Pakistani,NA,1
68,M,White,Non_UK,3
68,M,White,UK,10
68,M,White,NA,1
69,F,Black-African,Non_UK,1
69,F,Black-Caribbean,Non_UK,1
69,F,Black-Other,Non_UK,1
69,F,Indian,Non_UK,5
69,F,Mixed-Other,Non_UK,4
69,F,Pakistani,Non_UK,4
69,F,Pakistani,NA,1
69,F,White,UK,4
69,M,Black-African,Non_UK,1
69,M,Black-African,NA,1
69,M,Black-Caribbean,Non_UK,2
69,M,Chinese,Non_UK,1
69,M,Indian,Non_UK,6
69,M,Mixed-Other,Non_UK,1
69,M,Pakistani,Non_UK,3
69,M,Pakistani,NA,1
69,M,White,UK,10
69,M,White,NA,1
70,F,Bangladeshi,Non_UK,1
70,F,Indian,Non_UK,3
70,F,Pakistani,Non_UK,4
70,F,White,UK,4
70,F,NA,Non_UK,1
70,M,Bangladeshi,Non_UK,1
70,M,Black-African,Non_UK,1
70,M,Black-African,NA,1
70,M,Indian,Non_UK,3
70,M,Pakistani,Non_UK,2
70,M,White,UK,13
70,M,White,NA,1
71,F,Bangladeshi,Non_UK,1
71,F,Black-African,Non_UK,4
71,F,Black-Caribbean,Non_UK,1
71,F,Chinese,Non_UK,1
71,F,Indian,Non_UK,8
71,F,Indian,NA,1
71,F,Mixed-Other,Non_UK,2
71,F,Pakistani,Non_UK,1
71,F,White,Non_UK,1
71,F,White,UK,8
71,F,White,NA,1
71,F,NA,UK,1
71,M,Bangladeshi,Non_UK,1
71,M,Bangladeshi,UK,1
71,M,Black-Caribbean,Non_UK,1
71,M,Indian,Non_UK,6
71,M,Mixed-Other,Non_UK,1
71,M,Pakistani,Non_UK,3
71,M,White,UK,16
71,M,White,NA,1
72,F,Bangladeshi,Non_UK,3
72,F,Indian,Non_UK,4
72,F,Mixed-Other,Non_UK,2
72,F,Pakistani,Non_UK,4
72,F,Pakistani,NA,1
72,F,White,Non_UK,1
72,F,White,UK,5
72,F,NA,NA,1
72,M,Bangladeshi,Non_UK,2
72,M,Black-African,Non_UK,4
72,M,Chinese,Non_UK,1
72,M,Indian,Non_UK,5
72,M,Mixed-Other,Non_UK,3
72,M,Pakistani,Non_UK,3
72,M,White,UK,11
72,M,White,NA,1
72,M,NA,Non_UK,1
73,F,Bangladeshi,Non_UK,1
73,F,Black-African,Non_UK,2
73,F,Chinese,Non_UK,1
73,F,Indian,Non_UK,2
73,F,Indian,NA,1
73,F,Mixed-Other,Non_UK,2
73,F,Pakistani,Non_UK,4
73,F,White,Non_UK,2
73,F,White,UK,10
73,F,NA,Non_UK,1
73,M,Bangladeshi,Non_UK,1
73,M,Black-Caribbean,Non_UK,2
73,M,Indian,Non_UK,8
73,M,Mixed-Other,Non_UK,1
73,M,Pakistani,Non_UK,5
73,M,White,UK,14
73,M,White,NA,1
73,M,NA,Non_UK,1
73,NA,NA,UK,1
74,F,Bangladeshi,Non_UK,1
74,F,Black-African,Non_UK,1
74,F,Black-Caribbean,Non_UK,1
74,F,Indian,Non_UK,6
74,F,Mixed-Other,Non_UK,1
74,F,Pakistani,Non_UK,6
74,F,White,UK,8
74,F,White,NA,1
74,M,Bangladeshi,Non_UK,3
74,M,Black-African,Non_UK,1
74,M,Chinese,Non_UK,2
74,M,Indian,Non_UK,9
74,M,Pakistani,Non_UK,8
74,M,White,Non_UK,1
74,M,White,UK,11
74,M,White,NA,1
75,F,Bangladeshi,Non_UK,1
75,F,Black-African,Non_UK,2
75,F,Black-Caribbean,Non_UK,1
75,F,Mixed-Other,Non_UK,1
75,F,Pakistani,Non_UK,4
75,F,White,Non_UK,1
75,F,White,UK,7
75,F,NA,NA,1
75,M,Bangladeshi,Non_UK,1
75,M,Chinese,Non_UK,1
75,M,Indian,Non_UK,6
75,M,Pakistani,Non_UK,7
75,M,Pakistani,NA,2
75,M,White,Non_UK,2
75,M,White,UK,10
76,F,Indian,Non_UK,5
76,F,Pakistani,Non_UK,2
76,F,White,UK,9
76,M,Black-African,Non_UK,3
76,M,Black-Caribbean,Non_UK,1
76,M,Indian,Non_UK,3
76,M,Indian,NA,1
76,M,Mixed-Other,Non_UK,1
76,M,Pakistani,Non_UK,8
76,M,Pakistani,NA,1
76,M,White,Non_UK,1
76,M,White,UK,14
76,M,White,NA,2
76,M,NA,UK,2
77,F,Bangladeshi,Non_UK,1
77,F,Black-African,Non_UK,1
77,F,Indian,Non_UK,2
77,F,Pakistani,Non_UK,5
77,F,White,Non_UK,2
77,F,White,UK,3
77,F,NA,Non_UK,2
77,F,NA,NA,3
77,M,Bangladeshi,Non_UK,2
77,M,Chinese,Non_UK,1
77,M,Indian,Non_UK,3
77,M,Indian,NA,2
77,M,Mixed-Other,Non_UK,2
77,M,Pakistani,Non_UK,6
77,M,White,UK,10
77,M,White,NA,2
78,F,Black-African,Non_UK,1
78,F,Indian,Non_UK,4
78,F,Mixed-Other,Non_UK,3
78,F,Pakistani,Non_UK,5
78,F,White,UK,3
78,F,White,NA,1
78,M,Indian,Non_UK,3
78,M,Indian,NA,1
78,M,Mixed-Other,NA,1
78,M,Pakistani,Non_UK,9
78,M,White,Non_UK,1
78,M,White,UK,14
78,M,NA,Non_UK,1
79,F,Black-African,Non_UK,1
79,F,Indian,Non_UK,4
79,F,Pakistani,Non_UK,5
79,F,White,Non_UK,1
79,F,White,UK,9
79,F,White,NA,1
79,M,Indian,Non_UK,5
79,M,Mixed-Other,Non_UK,1
79,M,Pakistani,Non_UK,5
79,M,White,UK,11
79,M,White,NA,5
80,F,Black-African,Non_UK,2
80,F,Black-African,NA,1
80,F,Indian,Non_UK,4
80,F,Pakistani,Non_UK,2
80,F,White,UK,7
80,F,White,NA,1
80,F,NA,Non_UK,1
80,F,NA,UK,1
80,M,Bangladeshi,Non_UK,1
80,M,Black-African,Non_UK,1
80,M,Black-Caribbean,Non_UK,1
80,M,Indian,Non_UK,3
80,M,Mixed-Other,NA,1
80,M,Pakistani,Non_UK,6
80,M,White,Non_UK,1
80,M,White,UK,9
80,M,White,NA,5
80,M,NA,Non_UK,1
80,M,NA,NA,1
81,F,Bangladeshi,NA,1
81,F,Black-African,Non_UK,1
81,F,Black-Caribbean,Non_UK,2
81,F,Indian,Non_UK,3
81,F,Pakistani,Non_UK,4
81,F,Pakistani,NA,1
81,F,White,UK,3
81,F,NA,Non_UK,1
81,F,NA,NA,1
81,M,Bangladeshi,Non_UK,1
81,M,Black-Caribbean,Non_UK,1
81,M,Chinese,Non_UK,1
81,M,Indian,Non_UK,3
81,M,Pakistani,Non_UK,5
81,M,White,Non_UK,1
81,M,White,UK,6
81,M,White,NA,2
82,F,Black-African,Non_UK,1
82,F,Black-Other,NA,1
82,F,Indian,Non_UK,1
82,F,Pakistani,Non_UK,3
82,F,White,UK,3
82,F,White,NA,2
82,M,Bangladeshi,Non_UK,1
82,M,Indian,Non_UK,6
82,M,Mixed-Other,Non_UK,2
82,M,Pakistani,Non_UK,1
82,M,White,Non_UK,1
82,M,White,UK,7
82,NA,NA,NA,1
83,F,Indian,Non_UK,1
83,F,Indian,NA,1
83,F,Pakistani,Non_UK,4
83,F,White,UK,5
83,M,Indian,Non_UK,5
83,M,Pakistani,Non_UK,3
83,M,White,UK,10
83,M,NA,UK,1
83,NA,White,UK,1
84,F,Black-Caribbean,Non_UK,1
84,F,Chinese,Non_UK,1
84,F,Indian,Non_UK,3
84,F,Pakistani,Non_UK,2
84,F,White,UK,2
84,F,NA,NA,1
84,M,Black-African,Non_UK,1
84,M,Indian,Non_UK,4
84,M,Mixed-Other,NA,1
84,M,Pakistani,Non_UK,1
84,M,White,UK,14
84,M,NA,NA,1
85,F,Indian,NA,1
85,F,Pakistani,Non_UK,1
85,F,White,Non_UK,1
85,M,Black-Other,NA,1
85,M,Indian,Non_UK,2
85,M,Mixed-Other,Non_UK,1
85,M,Pakistani,Non_UK,5
85,M,White,UK,4
85,M,White,NA,2
86,F,Black-African,Non_UK,1
86,F,Pakistani,Non_UK,3
86,F,Pakistani,NA,1
86,F,White,UK,2
86,F,NA,UK,1
86,M,Indian,Non_UK,2
86,M,Pakistani,Non_UK,3
86,M,White,Non_UK,2
86,M,White,UK,6
86,NA,White,UK,1
87,F,Indian,Non_UK,3
87,F,Mixed-Other,Non_UK,1
87,F,White,UK,5
87,M,Black-Caribbean,Non_UK,2
87,M,Indian,Non_UK,2
87,M,Pakistani,Non_UK,4
87,M,White,Non_UK,2
87,M,White,UK,5
87,M,NA,NA,1
88,F,Chinese,Non_UK,1
88,F,Indian,Non_UK,1
88,F,Mixed-Other,Non_UK,1
88,F,White,Non_UK,1
88,F,White,UK,3
88,F,NA,UK,1
88,F,NA,NA,1
88,M,Indian,Non_UK,2
88,M,Pakistani,Non_UK,2
88,M,White,Non_UK,1
88,M,White,UK,5
89,F,Bangladeshi,Non_UK,1
89,F,Indian,Non_UK,1
89,F,White,UK,1
89,M,Indian,Non_UK,3
89,M,Pakistani,Non_UK,1
89,M,White,UK,6
89,M,White,NA,1
89,M,NA,NA,1
90,F,Indian,Non_UK,1
90,F,White,Non_UK,1
90,F,White,UK,4
90,F,NA,UK,2
90,M,White,UK,2
91,F,White,Non_UK,1
91,M,Bangladeshi,Non_UK,1
91,M,Black-Caribbean,Non_UK,1
91,M,Pakistani,Non_UK,2
91,M,White,Non_UK,2
91,M,White,UK,5
92,F,Indian,Non_UK,1
92,F,White,UK,1
92,M,White,UK,1
93,F,Pakistani,Non_UK,1
93,F,White,UK,1
93,M,White,UK,1
94,F,White,NA,1
94,M,White,UK,1
94,M,NA,Non_UK,1
95,F,Indian,Non_UK,1
97,F,Indian,Non_UK,1
97,F,Pakistani,Non_UK,1
97,M,Indian,Non_UK,1
